wnt_beta_catenin_cancer_stemness_immunity_discovery_v1	runs/20260707_190635_wnt_beta_catenin_cancer_stemness_immunity_discovery_v1_v5_l2_with_network
emt_metastasis_drug_resistance_discovery_v1	runs/20260707_192657_emt_metastasis_drug_resistance_discovery_v1_v5_l2_with_network
ferroptosis_cancer_therapy_response_discovery_v1	runs/20260707_194531_ferroptosis_cancer_therapy_response_discovery_v1_v5_l2_with_network
hif1a_hypoxia_cancer_response_discovery_v1	runs/20260707_201116_hif1a_hypoxia_cancer_response_discovery_v1_v5_l2_with_network
il6_stat3_cancer_response_discovery_v1	runs/20260707_204428_il6_stat3_cancer_response_discovery_v1_v5_l2_with_network
pi3k_akt_mtor_cancer_resistance_discovery_v1	runs/20260707_224850_pi3k_akt_mtor_signaling_is_rebuilt_pi3k_akt_mtor_cancer_resistance_discovery_v1_clean_domain_routed_lincs_v1
nfkb_inflammation_cancer_response_discovery_v1	runs/20260707_234754_nf_kappab_inflammatory_signaling_is_rebuilt_nfkb_inflammation_cancer_response_discovery_v1_clean_domain_routed_lincs_v1
pdl1_immune_checkpoint_cancer_response_discovery_v1	runs/20260707_234754_pd_l1_and_immune_checkpoint_rebuilt_pdl1_immune_checkpoint_cancer_response_discovery_v1_clean_domain_routed_lincs_v1
ros_oxidative_stress_cancer_response_discovery_v1	runs/20260708_165807_reactive_oxygen_species_and_oxidative_rebuilt_ros_oxidative_stress_cancer_response_discovery_v1_clean_domain_routed_lincs_v1
senescence_sasp_cancer_therapy_response_discovery_v1	runs/20260708_194804_cellular_senescence_and_sasp_are_rebuilt_senescence_sasp_cancer_therapy_response_discovery_v1_clean_domain_routed_lincs_v1
tp53_apoptosis_cancer_therapy_response_discovery_v1	runs/20260708_215842_p53_signaling_is_involved_in_rebuilt_tp53_apoptosis_cancer_therapy_response_discovery_v1_clean_domain_routed_lincs_v1
